,Channels,Sample width,Sample rate,Frame width,Length (ms),Frame count,Intensity,Mean_spectral centroid,std_spectral_centroid,Mean_RMS,STD_RMS,Mean_spectral bandwidth,std_spectral_bandwidth,Mean_spectral roll-off,std_spectral_roll-off,Mean_spectral zero-crossing rate,Std_zero_crossing_rate,Mean_MFCC,std_MFCC,Std_STFT
0,1,2,100000,2,82800,8280000.0,-10.916021889579852,829.3448568673792,388.7801145291387,0.16314181712147907,0.06435235549724502,1932.256439745261,354.58279619755564,1567.929376675985,1517.3742156464175,0.007917933696719013,0.014820713940455121,0.23462835,64.2685,8.153776
1,1,2,100000,2,82440,8244000.0,-11.169311344339155,985.2660805325914,466.30053040422746,0.15765132558778733,0.06444110264440238,2121.0520383737244,351.4312399310138,2036.0246920981765,1697.6731665383907,0.01018267851485497,0.023470261279479175,0.3134616,61.81414,7.8368874
2,1,2,100000,2,82080,8208000.0,-15.126222373571029,1297.649945163427,516.1174125940079,0.09900076406640818,0.04315204741781789,2367.7433765613646,356.6634708323138,3213.8686378403463,1784.1959084048162,0.013843015160891089,0.01889829491448394,-0.46046755,63.62953,4.92628
3,1,2,100000,2,82080,8208000.0,-15.485966722158658,1286.8699488129791,480.75075124568593,0.093395251693035,0.044888728274192984,2353.9632161161226,331.9934685879658,3164.6163849783416,1691.941803190947,0.015281614657001414,0.02202175444596306,-0.5827928,64.27116,4.723847
4,1,2,100000,2,83580,8358000.0,-17.233174951438116,1450.9298530009628,428.0063905069002,0.07558170335435334,0.038322864693834675,2399.269200754188,281.3272777967116,3721.571533203125,1400.4844237949571,0.01776340060763889,0.019256200783382832,-0.6159274,61.581257,3.8993704
5,1,2,100000,2,83130,8313000.0,-15.286497268482686,1395.3111027367063,491.8609536776291,0.09664096090126713,0.04357595622489931,2392.6169677306593,304.87832930967426,3564.5659164688636,1539.442179004956,0.016044013761868193,0.02353148898666034,-0.1360257,60.297195,4.842403
6,1,2,100000,2,81090,8109000.0,-10.945879956194949,1100.2245037225312,399.723348172321,0.16066677255251616,0.06873710779663689,2197.200438158991,309.999522086358,2623.308824680611,1479.9174056358293,0.009911564199828228,0.021782445880419856,1.1916122,59.281937,7.942914
7,1,2,100000,2,81900,8190000.0,-10.617552386761712,1109.6050296163019,413.6412980461745,0.16586552616996827,0.07365605083954371,2194.972872565728,323.30356241067966,2655.7464599609375,1538.8014687221369,0.00980382387329932,0.017620437317805472,1.0172421,58.607082,8.2468195
