,Channels,Sample width,Sample rate,Frame width,Length (ms),Frame count,Intensity,Mean_spectral centroid,std_spectral_centroid,Mean_RMS,STD_RMS,Mean_spectral bandwidth,std_spectral_bandwidth,Mean_spectral roll-off,std_spectral_roll-off,Mean_spectral zero-crossing rate,Std_zero_crossing_rate,Mean_MFCC,std_MFCC,Std_STFT
0,1,2,100000,2,82800,8280000.0,-10.916021889579852,829.3448568673792,388.7801145291387,0.16314181712147907,0.06435235549724502,1932.256439745261,354.58279619755564,1567.929376675985,1517.3742156464175,0.007917933696719013,0.014820713940455121,0.23462835,64.2685,8.153776
1,1,2,100000,2,82440,8244000.0,-11.169311344339155,985.2660805325914,466.30053040422746,0.15765132558778733,0.06444110264440238,2121.0520383737244,351.4312399310138,2036.0246920981765,1697.6731665383907,0.01018267851485497,0.023470261279479175,0.3134616,61.81414,7.8368874
